advanced_hunting_gathering	高级狩猎采集	狩猎采集社会依靠狩猎、采集、捕鱼和食腐维生，同时运用复合工具组、投射辅助工具、追踪技能、营地建筑和深厚的生态知识。
advanced_stone_tools	先进石器	早期阿舍利两面器石器技术，包括手斧式大型切割工具以及超出简单石核-石片传统的其他成形器具。
agriculture	农业	对驯化作物的系统栽培和动物的饲养，带来粮食盈余并催生定居社会。
ancestor_worship	新石器时代祖先崇奉	对已故社区先人的仪式性敬奉，考古上以新石器时代杰里科的灰泥头骨和被精心保存的人类遗骸为代表。
animal_domestication	早期动物驯化	人类对动物种群的长期控制与繁育，始于狼/狗的驯化，后来扩展到各类家畜。
animal_drawn_plows	畜力犁	套驾役畜牵引犁具，扩大了农户可耕种田地的面积和深度。
animal_husbandry	畜牧业	为获取肉、奶、毛和畜力而对牲畜进行系统性照料、繁育和饲养。
animal_pack_saddles	洋海软皮革骑鞍	以两个填充的翼状皮革垫围绕中央鞍桥缝合成早期软性骑乘马鞍。
animal_powered_threshing	拉姆凯驴踏打谷	驱赶驴群在萨卡拉打谷场上踩踏大麦，随后把谷糠混合物扫入容器准备扬谷。
animal_tracking_signs	动物追踪与痕迹判读	通过解读兽踪、足迹等痕迹开展狩猎并了解野生动物。
archery	西布杜弓箭使用	依据西布杜洞穴石器证据推断的带石镞弓箭狩猎技术。
art	艺术	通过颜料、刻痕、身体装饰和便携物件进行的象征性视觉表达，用于记忆、仪式与交流。
atlatl	投矛器（Atlatl）	上旧石器时代的投矛器技术，能以更大的力量和射程掷出镖状投掷物，证据锚定于马西埃尔-卡纳尔的痕迹证据。
atlatl_spear_throwers	投矛器	通过痕迹匹配的投射尖状器得到证实的杠杆式投矛器，扩展了狩猎镖的射程和冲击能量。
barter	以物易物	不借助交换媒介，直接以货物和服务交换其他货物和服务。
basic_arithmetic	基础算术	数制体系（如六十进制或十进制）及其运算的发展，用于会计、贸易和工程。
basic_boat_propulsion	人力船只推进	在帆推进之前或与之并存的划桨、撑篙、摇橹和操舵桨等人力行船方式。
basic_geometry_and_surveying	基础几何与测量	几何原理在土地测量（尤其洪水之后）、灌溉规划和大型建筑放线中的实际应用。
basic_rope_making	基础制绳	将植物纤维、树皮纤维或动物筋腱捻合成绳索，用于捆扎、装柄、网具、陷阱、住所和工具。
basic_shelter	简易庇护所	用灌木枝、树枝、兽皮或骨头搭建的简易遮蔽物，用于抵御天气并支持营地重复使用。
basic_weaving_basketry	基础编织与篮筐	交错编结植物纤维或薄木条，制作容器、席垫和简单织物。
battlefield_wound_care	埃德温·史密斯创伤护理	古埃及针对伤口、骨折、脱臼的临床创伤护理，涵盖诊断、预后、包扎、缝合、夹板固定及相关处置。
bellows	风箱	用于金属加工的强制鼓风装置，早期可靠证据来自陶质锅式风箱和吹管喷嘴。
bone_awls_needles	旧石器时代骨锥	用于锥穿兽皮的尖状骨器，与带孔针缝纫技术同期或更早。
bone_needles_tailoring	旧石器时代带孔骨针	带针孔的骨、鹿角或象牙针，用于把线或筋腱缝过兽皮和衣物。
bone_tool_making	骨器制作	用动物骨骼制作实用器具，包括打制的大型哺乳动物骨器以及后来的骨锥、骨针和尖状器。
boundary_markers_land_tenure	界标与土地权属	用于界定田地、灌溉权、继承和纳税的实物界标、口传地界和记录性权属主张。
bread_ovens	面包烤炉	规模化烘焙发酵与无酵面包的封闭加热炉室，支撑城市食物供给和专门化劳动。
bronze_casting_molds	青铜铸造铸型	用于铸造工具、武器、饰物、器皿、构件和标准化金属件的可复用或一次性铸型。
bronze_working	青铜冶炼	将铜锡合金成青铜，这种坚硬耐用的金属可打造更优良的工具、武器和护甲。
calendars	历法	基于月相和太阳周期的时间追踪体系，对农业、节庆和民政生活至关重要。
canal_networks	渠网系统	相互连通的人工水道，用于受管理农业景观中的灌溉、排水、防洪和运输。
cart_axle_bearings	卢布尔雅那转轴车轮轴承	车轮与轴一体转动的木制车轴组件，轴由车架支撑充当滑动轴承。
casting_and_molding	铸造与模制	将熔融金属倒入石质或陶质铸型，制造复杂形状的工具和器物。
celestial_mythology_constellations	天体神话与星座	基于天象观察创造的故事与图案，构成早期宇宙观和记忆辅助。
census	人口普查	对人口、户、土地或牲畜的系统性清点，用于支撑税收、劳役组织、兵役和公共规划。
charcoal_pit_kilns	木炭窑坑	以覆土坑和堆窑在限氧条件下炭化堆放薪材的传统炭化设施，产量高于露天火塘。
charcoal_production	木炭生产	在受限氧气条件下有意炭化木材，获得木炭燃料和还原材料。
chariot	辛塔什塔-彼得罗夫卡早期战车	辛塔什塔-彼得罗夫卡共同体的早期轻型马拉战车，以辐条车轮坑、马队和马具为证据。
cheese_and_yogurt_making	新石器时代奶酪滤制	用带孔陶器把凝乳与乳清分离，将奶保存为低乳糖的新石器时代乳制品。
chieftainship	首领制	早期酋邦中正式的世袭社区领导权，亲缘权威、经济资源、仪式合法性和强制权力集中于首领职位。
city_states	城邦	由单一城市及其周边领土构成独立国家并拥有自身政府和军队的政治结构。
clay_accounting_tokens	近东陶质记账筹码	史前近东用于财务与货物记账的小型成形陶质筹码，早于楔形文字出现。
clay_gathering_and_preparation	黏土采集与制备	黏土的选取、清洗、混合和羼和，使其成为可用的陶土，直接见于仙人洞遗址最早已知的制陶传统。
clay_pipe_drainage	平粮台陶质排水管	与户内及公共沟渠相连的互锁陶管，把季风雨水排出平粮台城址。
clay_tablet_receipts	乌尔第三王朝泥板收据	新苏美尔楔形文字泥板收据，记录乌尔第三王朝行政体系内的货物交付或接收。
codified_law	古代成文法典	成文的法律或司法裁决汇编，以美索不达米亚苏美尔与巴比伦法典传统为代表。
composite_sickle_blades	奥哈罗二号复合镰刃	用于收获近熟野生谷物的光泽燧石刃片，包括装柄于复合手柄中的镶刃。
composite_tools	装柄石矛	装接到矛杆上的石质矛头，构成早期的多部件狩猎工具。
concrete	混凝土	早期胶凝性类混凝土建筑材料：以加热生成的石灰或石膏为黏结剂，配合矿物基底、骨料或地面层，形成耐久的建筑板面。
contract_law	契约法	规范协议、债务、买卖、雇用、合伙、代理及救济的法学说与书面契约规则，使商业更可预期。
copper_alloy_edge_tools	铜合金刃具	用铜和青铜合金制作的凿、刀、锛、斧和镰刃镶片，服务于手工业与农业。
copper_rivets_fasteners	铜钉、铜钩与紧固件	小型加工铜钉、铜钩、锥具及相关紧固或穿刺物件，用于皮革、木材、衣物、工具和容器。
copper_working	铜加工	在后期冶炼铜冶金之前，以锻打和退火将自然铜加工成珠子、别针、饰物和小工具。
crop_rotation_and_fallowing	轮作与休耕	通过轮换不同作物或让田地季节性闲置来提升土壤肥力和作物产量。
customary_law	习惯法	口耳相传的既定规则体系，用以规范社会行为、财产纠纷和犯罪行为。
dams_and_reservoirs	坝堰与蓄水池	用于拦蓄灌溉、防洪、城市供水和动力的土、石或砖石坝体与蓄水设施。
defensive_watchtowers	铁器时代道路瞭望塔	建于道路和渡口上方、用于观察动向并控制行政区通行的独立圆形砖石塔楼。
drop_spindles	纳哈尔恩盖夫二号纺轮	一百多件穿孔卵石的组合，其几何形态与实验性能支持将其用作纺纱坠轮。
dugout_paddles	杜文塞木桨	出自杜文塞中石器时代湖岸的刻制松木桨，是北欧桨驱动水上交通的直接证据。
dyed_textiles	贝伊切苏尔坦靛蓝染色织物	以单针环编制成的青铜时代麻织物，用靛玉红染料着色，染料可能来自当地可得的菘蓝。
early_astronomy_observation	早期天文观测	对天体（日、月、星辰）的系统性观测，用于计时、导航和仪式。
early_boats	早期船只	简易筏子、独木舟等早期水上交通工具的使用或建造，用于渡越水域。
early_fortifications	泰勒苏丹墙与塔	前陶新石器时代在泰勒苏丹遗址约公元前8300年修建的环形石砌围墙、壕沟与塔楼。
early_musical_instruments_flutes_drums	奥瑞纳骨与象牙笛	展现成熟上旧石器时代音乐传统的骨笛和象牙笛。
early_navigation	早期导航	借助地标和天象观测进行基本的沿岸与开阔水域导航。
early_symbolic_communication	早期符号交流	正式记数或文字出现之前使用的抽象图形符号，如交叉刻纹的赭石绘画和雕刻。
fermentation_basic	基础发酵	通过微生物作用保存食物并酿造饮品（如啤酒、蜂蜜酒）的早期技术。
fermented_dairy_products	小河开菲尔发酵乳制品	由反刍动物乳制成的开菲尔发酵奶酪，通过定量蛋白质组学在小河早期青铜时代墓葬随葬有机团块中鉴定出来。
field_boundary_survey_stones	库杜鲁授地界石	刻有铭文的巴比伦库杜鲁（权益石），以楔形文字和神祇符号纪念王室授地并记录土地权属主张。
field_terracing	早期梯田	减缓侵蚀并在坡地上拓展农业的石质与土质梯田。
fire_control	用火控制	人属对火的受控使用与维持，考古学上以原地燃烧、灰烬和烧骨为证据。
fired_bricks_early_kilns	早期窑烧砖	在受控窑炉或类窑烧成系统中焙烧砖坯，制造耐久的黏土建筑砖。
fish_hook_barbs	倒刺鱼钩	带倒刺、尖锋和系线的改进钩形，使河流、湖泊和海岸的捕捞更可靠。
fish_weirs	潜没石鱼梁	低矮的石头潮汐陷阱墙，涨潮时鱼群越墙而入，退潮时被截留。
fish_weirs_and_traps	鱼梁与鱼陷阱	以少量日常劳作把鱼引入可收获的潮汐或河川围圈的固定式石、苇或木桩结构。
fishing_nets_hooks	旧石器时代鱼钩	作为晚更新世海洋生计组成部分的整体式贝壳鱼钩。
fishing_spear_gigs	卡坦达骨鱼叉头	出自卡坦达的带倒刺骨鱼叉头，用于在中非叉捕大型淡水鱼。
food_preservation_drying_salting	食物保存（晾晒、盐渍）	借助日光或火力干燥以及盐渍保存食物的方法，盐渍体现于后来由盐支撑的专门化生产。
food_storage_pits	早期储食窖穴与储坑	在专门高架粮仓和驯化谷物农业出现之前，用于储存采集或栽种食物的小型储仓和地坑。
foraging_and_botany	觅食与植物学	凭借积累共享的知识辨识并采集野生植物，用作食物、药物和材料。
forging_and_smithing	锻造与金工	通过加热后锤打来塑造金属的技艺，可造出更坚固精细的工具和武器。
glassmaking	玻璃制造	在高温作坊环境中以富硅砂与苏打或植物灰及石灰熔融，制作珠子、吊坠、镶嵌物及后来器皿等早期人造玻璃物件。
gold_and_silver_working	金银加工	加工金、银等自然贵金属，用于饰物、礼器及价值储藏。
granaries	前驯化粮仓	德拉遗址为干燥储粮专门建造的高架结构，保护栽培的野生谷物和其他储粮免受潮气和鼠患。
granary_pest_control	粮仓虫害防治	保护储粮的密封仓、灰烬、猫、陷阱、高架地板和巡查制度。
grinding_stones_querns	上旧石器时代磨石	手动操作的磨石，把野生植物加工成富含淀粉的粉状食物。
heavy_draft_plowing	美索不达米亚播种犁	装有犁铧后漏斗的畜力犁，由第二名操作者把种子定量播入新开的犁沟。
herbal_medicine_preparation	草药制备	将草本植物和树脂与葡萄酒作为药载结合，直接证据来自阿拜多斯陶罐的化学分析残留物。
herbalism	草药学	以植物入药，实用知识与仪式及口传传统相结合。
hide_glue_production	苏黎世新石器时代皮胶	从牛和家养羊类组织中提取的胶原蛋白胶，用于把装饰树皮条固定在新石器时代紫杉弓上。
hide_processing	孔特拉邦迪耶皮革与毛皮加工	用骨器加工兽皮与毛皮以制作皮革和毛皮。
horseback_riding	骑马	以马为骑乘坐骑实现机动、放牧、通信及后来的战争，区别于更广义的马驯化过程。
horticulture	园圃栽培	小规模有用植物栽培，锚定于奥哈罗二号遗址狩猎采集者在新石器农业之前试种野生谷物的证据。
household_textile_production	贝伊切苏尔坦家庭纺织作坊	青铜时代贝伊切苏尔坦一处住宅房间内的专门化纺纱与重锤织机织造。
hunting_gathering_basic	基础狩猎采集	通过采集、狩猎、食腐、捕鱼和简单工具获取野生食物的移动觅食生计。
iron_working	铁器加工	把铁加工成器物，最初以锤锻陨铁，后经块炼铁冶炼与锻造传统。
irrigation	灌溉	通过渠沟进行的受控水管理，支撑干旱地区的大规模农业。
irrigation_canals_local	地方灌溉渠	大型区域渠网出现之前村落用于分水的小型渠道、沟渠、水闸和田间水道。
irrigation_sluice_gates	灌溉水闸	控制田间与渠网配水的简易闸门、木板、水槽和堰。
kiln_fired_roof_tiles	乔村复合瓦	龙山时代乔村聚落以互锁烧土构件铺设的复合屋面。
kinship_systems	亲属制度	界定关系与世系的正式体系，构成早期社会结构的基础。
labor_specialization	劳动分工	社会中的任务分化，使个人得以专门从事农耕、制陶、金工等特定工作，其动力来自粮食盈余。
latrines_and_waste_pits	厕所与垃圾坑	专门的人体排泄物处置场所，减少了住所、营地、作坊和早期聚落周围的污染。
leather_tanning	施尼德约赫植物鞣革	在新石器时代晚期的阿尔卑斯以多种植物的提取液把兽皮鞣制成耐久皮革。
leather_working	皮革加工	用植物或矿物鞣剂把兽皮加工成耐久柔韧的皮革。
levers_and_rollers	杠杆、橇板与木滑道	轮式运输出现前用于采石、移运和竖立巨石的实用重载辅助：木杠杆、梁木、橇板、厚板和滑道。
libraries_and_archives	早期图书馆与档案	成文记录与参考文本的制度性收藏，最早见于晚乌鲁克数千块经济泥板和词表，后来见于埃布拉专门建造的档案室。
lime_plaster	石灰砂浆	煅烧石灰石或贝壳，将石灰与水及骨料混合，制成耐久的墙面涂层、地面和防水面层。
loom	乌卢贾克重锤织机	依据乌卢贾克土丘12号建筑内共同出土的十一件织机坠锤推断的新石器时代重锤织机。
loom_weights	乌卢贾克新石器织机坠锤	用于张紧经线的陶质坠锤，约公元前6000年出现于乌卢贾克土丘，后以十一件一组的织机坠锤组合出土。
masonry	砌石工艺	用于建造耐久结构、墙体和陵墓的石材整形与砌筑技术。
measuring_rods_and_lines	埃及肘尺测杆	刻有刻度的木杆，承载埃及肘尺作为便携长度标准，用于建造和手工业测量。
megalithic_construction	巨石建筑	采石、运输、竖立并排布超大型石料以构成纪念性建筑，多用于仪式、公共或丧葬目的。
merchant_partnership_contracts	商人合伙契约	古亚述与美索不达米亚关于汇集贸易资本、指派代理人、分摊风险、作价股权和分配利润的书面商人协议。
metal_casting_molds	金属铸造铸型	使工具、武器、饰物、构件和礼器得以重复生产的可复用或一次性铸型。
metallurgical_slag_reuse	冶金炉渣再利用	冶炼炉渣与炉窑废料在道路垫层、建筑、颜料和工艺学习中的再利用。
mining	采矿	从地表坑、露天矿场和浅矿中有意开采矿物与地质材料，初期包括赭石和赤铁矿。
mortar_and_pestle	埃及石灰华臼杵	保存自埃及新王国时期的一套石灰华臼与杵，确立了器物形制本身，未赋予缺乏依据的食物、颜料或药用用途。
mortar_pestle_food_processing	臼杵食物加工	用石臼捣磨加工野生植物与谷物，以供粉碎、烹煮、储存和发酵。
mud_brick_sun_dried	泥砖（晒制）	手工成型、常以有机质羼和的富黏土砖，经日晒干燥用于新石器时代永久性建筑。
mythology_and_cosmology	早期美索不达米亚神话宇宙观	根植口传、保存于早期美索不达米亚文学中的神话叙事，解释诸神、宇宙秩序、创世、自然力量及人类在世间的位置。
natural_adhesives	旧石器时代桦树沥青黏合剂	有意生产的桦树皮焦油，用作石器装柄黏合剂。
natural_dyes	德祖祖阿纳染色亚麻纤维	保存于德祖祖阿纳洞穴上旧石器时代地层中的纺纱、打结并染色的野生亚麻纤维。
net_sinker_weights	新石器时代渔网坠	系于渔网上控制其深度与形状的石质坠锤，朝鲜贝丘出土数百件。
