public_library_reading_rooms	公共图书馆阅览室	供民众查阅文本、教学、抄写与学术交流的专用城市公共空间。
public_notice_boards	公共告示牌	在共享的公共场所张贴法律、政令、日程、市场规则、拍卖公告、法庭通知和市政告示。
public_theater_infrastructure	公共剧场基础设施	为戏剧演出专门营建的舞台、座席、布景、声学设计、节庆排期与市政管理设施。
qanat_water_supply	坎儿井供水	由缓坡地下廊道与竖井组成的系统，汲取含水层地下水，靠重力自流输往聚落和农田。
rhetoric	修辞学	研究如何有效且有说服力地言说与写作的技艺，是古代教育、政治与诉讼的核心内容。
road_maintenance_crews	罗马道路养护管理	罗马依靠行政长官、承包契约、市民义务和劳役制度来巡查维修道路、桥梁、排水、里程碑与驿站。
roads	道路	修建的路径、石铺街道、木栈道及后来的道路系统，供人员、牲畜、车辆、货物和军队通行。
roman_concrete_opus_caementicium	罗马混凝土（Opus Caementicium）	以石灰砂浆与骨料拌制而成、常掺入火山灰以增强耐久性的罗马混凝土，适用于耐水建筑与拱顶工程。
roman_law	罗马法	以判例、法学家解答（responsa）和系统法典化为基础的高度发达法律体系，深刻影响了西方法律传统。
salted_trade_provisions	罗马咸鱼制品	以咸鱼和鱼酱为代表的腌制海产，在罗马地中海各地市场上进行生产、储存、分销和消费。
shipyard_drydocks	船厂干船坞	由坞池、坡道、起重设备、工场和维修规程组成、供船只出水修理的设施。
siege_engineering	攻城工程	为攻打破设防阵地设计的器械与野战工事，包括坡道、坑道作业、攻城槌、攻城塔及后来的投射炮械。
siege_towers_battering_rams	攻城塔与攻城槌	攻城塔是逼近并冲击要塞墙体的大型移动结构，攻城槌则是撞破城墙的重型器械。
smoked_food_preservation	加图的盐腌烟熏火腿	记载于加图的罗马腌腊工艺：火腿盐腌十二天，风干后涂油，熏制两天，最后以油和醋处理完成。
standard_legal_forms	标准法律文书	可复用的法律文书格式与条款套式，涵盖租赁、买卖、借贷、遗嘱、诉状及相关契约。
standard_weights_market_inspection	雅典市场度量衡检查	雅典市场设置官定标准量器与加盖印记的复制件，并以公开执法规则要求商贩使用准确的度量衡。
standardized_coinage	标准化铸币	由国家或城邦发行、重量和面值规范并带有标记的金属货币，用于税收、薪饷、贸易与储蓄。
standardized_road_milestones	标准化道路里程碑	罗马用于标示里程、记载筑路者与修缮情况、并作为路网行政参照点的里程碑及铭文。
state_armories	国家武库	由国家控制的作坊与军械库，为正规军队制造、标记、储存、运输和发放标准化武器。
state_grain_price_controls	国家粮价管制	国家通过行政定价、粮食储备和分配规则等手段来稳定城市食品供应的管制制度。
state_grain_reserves	国家粮食储备	用于赈灾、军需、城市供应和平抑粮价的公共储粮及其管理体系。
state_medical_supply_stores	罗马军医物资库	为罗马军医院和行军营地统一筹供手术器械、草药、药膏、处方卷轴、床位及野战医疗所医疗物资的体系。
stoicism	斯多葛学派	主张德性以知识为基础、人应顺应神圣理性（逻各斯，Logos）而生活的哲学流派。
surgical_instrument_sets	手术器械套件	医生和军医使用的手术刀、镊、探针、钩、针、烧灼器械及其配套收纳箱。
surveyed_cadastral_maps	地籍图	经测绘绘制的地块、边界与权属地图，用于征税、继承、灌溉和法律纠纷。
surveyed_land_parcels	测量地块	经测量并登记的地块，用于征税、继承、灌溉用水权和法律纠纷。
surveyed_road_maps	实测道路与行政地图	记录实测道路、土地划分、城镇、公共财产和登记册的测绘行政地图，供罗马国家管理使用。
surveying	测量学	确定点位的平面或三维位置及其间距离与角度的技术，对工程建造和土地权属至关重要。
tax_seal_impressions	税收封泥印记	用黏土、蜡或铅压制的封印，用于核验税据、货物和官方命令的真伪。
terra_sigillata_pottery	印纹红陶（Terra Sigillata）	量产的罗马优质餐具，表面覆有特征性的光亮红色陶衣，常用模具装饰，是罗马贸易的重要标志物。
theater	剧场	戏剧演出、舞台技艺及专门演出建筑的发展，服务于公共娱乐与文化表达。
theater_stage_machinery	剧场舞台机械	古希腊舞台设施与装置，包括木质景屋（skene）、高起舞台、轮式平台（ekkyklema）和吊升起重机（mechane）。
theater_ticket_sales	剧场售票	代币门票、座位分配、节庆入场、赞助人机制和公共管理，支撑大型演出场馆的运营。
toll_roads_and_bridges	道路通行费与养护经费	罗马以税收、通行费、市民义务、契约以及公共或皇帝资助来筹措道路养护经费的体制。
torsion_springs	扭力弹簧	以紧密绞合的筋腱或发束制成的成对扭簧，为希腊化时代发射弩箭和石弹的扭力炮械提供动力。
trade_guilds_collegia	行会（Collegia）	工匠或商人的正式结社，监管本行业在当地的活动，常兼具社交与宗教职能。
trigonometry	三角学	研究三角形边长与角度关系的数学分支，是天文学、测量和航海的基础工具。
urban_food_market_regulation	城市食品市场监管	对食品市场实行度量衡管理、巡查、选址规则、新鲜度检查、摊位费和价格管制。
urban_planning_grid_system	方格网城市规划	以正交街道网格、街区、公共空间和中心市政区来组织交通、居住与行政并为日后扩张预留空间的城市布局方式。
urban_sewer_inspection	城市下水道巡查	对城市下水道、排水沟、支管和涵洞进行有记录的检查与维护，使市政排水系统保持运转。
urban_waste_collection	城市垃圾收运	将住户、市场、牲畜和作坊产生的垃圾清运出人口稠密聚居区的市政系统。
volcanic_ash_utilization	火山灰利用	识别并将火山灰（如波佐兰，pozzolana）用作建筑材料关键成分的做法。
water_clock_timekeeping	水钟计时	以简易漏壶和刻度容器测量时段或标记时间，用于法庭、宗教活动、天文观测和限定工时。
water_clocks_advanced_clepsydra	克特西比乌斯式调节水钟	希腊化时代的改进漏壶，以受控水流、浮子和刻度显示，把简单的时段计时器发展为更连续的时钟。
water_distribution_pipes	输水管道	利用管道网络、阀门、水池和坡度，把水从水渠和水库输送至浴场、喷泉、住宅和作坊。
water_filtration_sand_charcoal	沙炭过滤净水	让水通过沙、木炭等多孔介质，滤除可见杂质的实用水处理方法。
water_screw_archimedes	水螺旋（阿基米德螺旋泵）	一种把水从低洼水体提升送入灌溉沟渠的提水装置，靠螺旋叶片旋转使水沿管槽上行。
wax_tablets	蜡板	以木板涂覆一层蜂蜡制成的可重复使用的书写面，书写后可抹平再用，常见于记事、记账和教学。
