lunar_resource_utilization	月球资源利用	为持续的离地活动开采加工月冰、月壤、金属、氧气与建材。
mars_closed_loop_agriculture	火星闭环农业	火星栖息地的食物系统：使用再生水、废物养分、受控大气与韧性作物。
mars_regolith_construction	火星月壤建造	运用火星土壤、黏结剂、烧结、屏蔽与本地资源加工的增材与机器人建造。
mars_surface_habitats	火星地表栖息舱	面向长期人类或机器人定居火星的加压、防辐射、就地供给栖息设施。
mass_drivers_space_launch	质量投射器（太空发射）	把载荷射入太空或为航天器加速的电磁加速器。
materials_science_exotic	可编程物质研究	研究模块化、可重构或承载计算的材料，其形状或物理属性可在程序控制下改变。
matter_replication_star_trek_style	物质复制（《星际迷航》式）	由能量或基础组件按需创造或嬗变物质的假想技术。
meme_engineering_cognitive_security	模因工程与认知安全	为良性社会结果设计并传播文化观念（模因）、并保护人群免受武器化信息侵害的科学。
memory_editing_therapeutic	记忆编辑（治疗性）	精确靶向、抑制或增强特定记忆的先进神经技术，主要用于治疗创伤、PTSD 与成瘾。
metamaterials_engineered_media	超材料与工程介质	通过结构几何产生体材料所不具备的光学、声学、力学或电磁行为的材料。
metaverse_deep_immersion	元宇宙（深度沉浸）	预期中的一类持久、高度沉浸的共享虚拟世界：由联网 XR 接口、交互式三维环境、AI 辅助内容与更丰富的感官反馈构建。
micro_electromechanical_systems_mems	微机电系统（MEMS）	以微细加工技术制造的小型化机械与机电元件。
mind_uploading	心智上传（全脑仿真）	扫描大脑神经结构并以数字方式仿真其意识的假想过程。
molecular_assemblers_practical	实用分子装配器	用于装配材料、传感器、药物、催化剂和精密部件的可编程纳米制造系统。
molecular_assemblers_universal_construction	分子装配器 / 通用建造	以原子级精度定位反应分子、引导化学反应、实现自下而上建造的纳米机器。
nanobot_swarms_construction_environmental_remediation	纳米机器人蜂群（建造与环境修复）	协同执行建造结构、清理污染等复杂任务的纳米机器人群体。
natural_language_processing_advanced	自然语言处理（高等）	以高细腻度与准确率理解、解读并生成人类语言的 AI。
neural_art_bci_creativity	神经艺术（BCI 创作）	借助先进脑机接口直接从思想与情感进行艺术创作，催生全新媒介形态。
neural_lace	神经织网 / 先进 BCI	预期中的一类超柔性网状或线状神经植入物，支持高通道数、长期的脑机接口。
neural_organoid_computing	类脑器官计算	生物神经组织与传感器、算法耦合，用于实验性计算与疾病建模。
neuromorphic_computing	神经形态计算	模仿神经系统神经生物学架构以求更高效率的计算机工程。
ocean_colonization_underwater_habitats_seasteading	海洋殖民（水下栖息与海上定居）	在洋面之上或之下建立永久人类定居点。
offworld_biomanufacturing	离地生物制造	在轨道、月球、小行星和行星聚落以生物方式生产食物、药品、塑料、燃料和建材。
on_device_personal_foundation_models	端侧个人基础模型	在手机、笔记本、车辆或机器人本地运行、具备隐私保护适配的紧凑个性化基础模型。
on_orbit_servicing	在轨服务	在轨道上检查、加注、维修、升级、拖曳或组装卫星与结构的航天作业。
oracle_ai	神谕 AI（受限超智能）	仅限于回答问题的 ASI，作为防止其直接作用于现实世界的安全设计。
orbital_debris_recycling	轨道碎片回收	把失效卫星、火箭残骸、碎片和轨道废料作为原料进行捕获、分选、处理与再利用。
orbital_greenhouses	轨道温室	在轨道栖息地以闭环、LED、循环、自动化与受控大气进行的食物与作物生产。
orbital_habitat_cities	轨道栖息城市	具备闭环生命保障、市政体系、制造、农业、文化与贸易的大型旋转或屏蔽定居点。
orbital_manufacturing	在轨制造	利用微重力或真空环境在太空制造工具、备件、大型结构及特种材料或电子器件。
orbital_propellant_depots	轨道推进剂库	为可复用航天器和深空任务储存、转移和生产推进剂的太空基础设施。
orbital_rings	轨道环	由以轨道速度运动的材料环构成、静止站点经天梯连接地面的低轨动态巨型结构。
personal_ai_tutors	个人 AI 导师	融合语言模型、学习者建模、课程生成、仿真与反馈、面向个性化教育的自适应导师。
personalized_education_lifelong_learning_platforms_ai	个性化教育与终身学习平台（AI）	终身适配个人学习风格、节奏与需求的 AI 驱动教育系统。
personalized_medicine	个性化医疗	广泛运用遗传、分子、电子健康档案、生活方式与环境数据，为个体患者定制预防、诊断、选药与剂量。
pharmacology_advanced	药理学（高等）	借助分子生物学与 AI，对药物作用、药代与药效动力学的深入理解。
planetary_archive_vaults	行星档案库	面向知识、基因组、语言、艺术、法律记录、软件与科学数据的长期分布式档案。
planetary_climate_control_systems	行星气候控制系统	面向气候稳定的监测、碳移除、反照率干预、治理与风险控制一体化体系。
planetary_defense_networks	行星防御网络	探测与缓解危险小行星的传感、预警、建模、发射、偏转、治理与应急系统。
planetary_scale_sensor_webs	行星尺度传感网	监测气候、城市、生态系统与灾害的卫星、地面传感、海洋系统、无人机与 AI 模型密集网络。
planetary_science_advanced	行星科学（高等）	对行星形成、地质、大气及宜居潜力的深入理解，包括系外行星。
planetary_sensor_meshes	行星传感网格	由卫星、海洋浮标、地面传感、无人机与边缘 AI 构成、实时监测地球的全球密集网络。
political_science_advanced_governance_models	高等治理模型	以数据为依据、治理复杂社会、平台、AI 系统、行星风险与后稀缺经济的制度设计。
post_labor_economics_and_governance	后劳动经济与治理	为自动化与 AGI 使多数人类劳动在经济上不再必要的世界设计的社会与政府结构。
post_quantum_security_migration	广域后量子安全迁移	在身份、金融、云、设备和档案等全域替换并审计既有密码基础设施，以抵御量子攻击。
post_scarcity_economics	后稀缺经济学	面向多数商品可被极少人类劳动大量生产的社会的经济理论与体系，使传统稀缺模型失效。
post_scarcity_resource_allocation	后稀缺资源分配	分配充裕能源、自动化产出、合成食品、住房、算力与文化产品的经济与治理体系。
precision_psychiatry	精准精神医学	利用遗传数据、脑影像与预测性 AI，高效诊断并治疗精神疾病、定制心理健康照护。
predictive_justice_systems	预测性司法系统	分析海量数据以预测再犯、辅助司法裁判或预判犯罪活动、伦理上复杂的 AI 系统。
privacy_preserving_ai	隐私保护 AI	以降低敏感数据、身份与专有信息暴露的技术训练并部署的 AI 系统。
privacy_preserving_ai_markets	隐私保护 AI 市场	在不暴露敏感数据的前提下交易模型服务的联邦学习、安全飞地、差分隐私与审计。
programmable_matter_infrastructure	可编程物质基础设施	运用可重构材料、嵌入式计算、分子装配与自适应结构系统的建成环境。
programmable_money_markets	可编程货币市场	由可编程货币、智能合约、数字身份、自主清算、信贷、风控与实时审计构建的金融市场。
psychohistory_predictive_social_dynamics_asimovian	心理史学（预测社会动力学·阿西莫夫式）	融合历史、社会学与数理统计、对超大群体未来行为做一般性预测的假想科学。
quantum_biological_imaging	量子生物成像	测量微弱生物场、分子相互作用与纳米尺度动态的量子增强传感器与显微镜。
quantum_cloud_computing	量子云计算	与经典云工作流、模拟器、编译器、安全和混合算法集成的可网络访问量子处理器。
quantum_communications	量子通信	基于量子纠缠及其他量子现象的安全通信方法。
quantum_computing	量子计算	利用叠加、纠缠与干涉等量子效应运行量子算法的计算系统；其广泛实用与容错能力仍属预测。
quantum_encryption	量子加密	以量子力学保证通信安全的密码学方法。
quantum_internet	量子互联网	连接量子计算机、支持分布式量子计算与本质上安全通信的网络。
quantum_materials_foundries	量子材料铸造厂	超导体、拓扑材料、自旋器件与低温量子部件的工业化制造。
quantum_resistant_blockchains	抗量子区块链	迁移到后量子签名、密钥管理、审计、治理与长期档案安全的分布式账本。
quantum_secured_financial_networks	量子安全金融网络	运用后量子密码、量子通信、身份、账本与自动化合规的金融网络。
quantum_sensor_navigation	量子传感导航	使用量子钟、惯性传感器、重力测量与安全授时、不完全依赖卫星的导航系统。
quantum_sensors_high_precision_measurement	量子传感器（高精度测量）	利用量子现象对物理量进行超灵敏测量的装置。
radiation_shielding_materials	辐射屏蔽材料	面向太空与核环境的先进材料、水墙、月壤结构、磁屏蔽与医学对抗措施。
real_time_universal_translation_devices	实时通用翻译设备	在任意口语或书面语之间即时翻译的便携设备或植入物。
robotic_construction_swarms	机器人建造蜂群	以有限人力完成建筑与基础设施测绘、制造、装配、检查与维修的协同机器人。
self_healing_civil_infrastructure	自愈公共基础设施	内嵌传感、智能材料与机器人维护，可发现损伤并修复公共工程。
self_healing_infrastructure	自愈基础设施	以智能材料和内嵌纳米机器人建造、可自主检测并修复损伤的建筑、道路与公用设施。
self_healing_microgrids	自愈微电网	无需中央控制即可隔离故障、重新平衡储能、预测需求、协调可再生并恢复供电的自主本地电网。
self_healing_power_grids	自愈电网	以传感与 AI 控制检测故障、隔离失效、重路由供电并优化分布式发电的电网。
self_improving_ai	自我改进 AI（递归）	能递归改写自身源码以提升智能的 AI，可能引发智能爆炸或“奇点”。
self_organization_algorithms	自组织算法	使系统无需中央控制、仅凭局部互动达成全局秩序或协调的计算方法。
self_replicating_space_industry	自复制太空工业	以本地太空资源与机器人、在极少地球供给下复制工具、工厂、栖息设施与能源系统的工业体系。
self_replicating_systems	自复制系统	能够自主复制自身的机器或合成生物体。
sensor_fusion_advanced_multi_modal_perception	传感融合（高等多模态感知）	融合多源异构传感器数据，获得优于单一传感器的更准确可靠的感知。
sentience_engineering_artificial_consciousness_creation	感知工程（人工意识创造）	以理解并潜在创造人工意识或感知为目标的假想领域。
sentient_ai_rights_philosophy_legal_status	感知 AI 权利（哲学与法律地位）	关于感知型人工智能的权利与地位的哲学与法律考量。
signal_processing_advanced_real_time	信号处理（高等实时）	面向 AI、通信与脑机接口、实时分析、修改与合成信号的复杂技术。
smart_materials_self_healing	智能与自修复材料	能响应环境刺激或自主修复的材料。
space_based_solar_power	天基太阳能	面向持续清洁能源的在轨太阳能阵列、无线输电、整流天线、机器人装配、并网与太空物流。
space_based_solar_power_orbital_arrays	天基太阳能（轨道阵列）	以大型卫星阵列在太空收集太阳能并传输回地球。
space_colonization	太空殖民	向月球、火星或其他目的地的长期离地人类定居与基础设施演进，逐步走向自持运行。
space_elevators	太空电梯	连接行星表面与轨道、降低进入太空成本的假想巨型结构。
space_resource_refineries	太空资源精炼厂	把月球、小行星或火星材料转化为燃料、金属、水和建造原料的机器人加工厂。
starlifting	采星工程	从恒星提取物质、分选为组成元素并用于工业目的的巨型结构过程。
submarine_technology_advanced	潜艇技术（高等）	面向探索、资源开采或长期驻留（可能为聚变动力）的高度先进潜水器。
swarm_robotics_advanced	高等集群机器人	受社会性昆虫启发、以大量相对简单的机器人协同完成复杂任务。
synthetic_culture_generation	合成文化生成	AI 辅助的音乐、故事、游戏、仪式、媒介与文化记忆的创作、保存、混编、本地化与仿真。
synthetic_data_factories	合成数据工厂	面向训练、仿真、隐私与测试、自动生成、评估、过滤并刷新任务数据的系统。
synthetic_ecosystem_restoration	合成生态修复	借助工程生物、碳移除、土壤重建、水管理与生物多样性监测的 AI 引导生态修复。
synthetic_food_bioreactors	合成食品生物反应器	以精准发酵与细胞培养大规模生产蛋白、脂肪、风味物和主食。
synthetic_lifeforms_designer_organisms	合成生命体（定制生物）	由非生命组件创造全新人工生命体，承担废物处理、资源合成或地球化等专门任务。
synthetic_meat_distribution	合成肉配送	面向培养肉与精准发酵食品的供应链、安全体系、零售形态、冷链与标签。
synthetic_organs_bio_printing	人工器官与生物打印	制造人工器官，或以生物材料进行三维打印以产出组织与器官。
techno_gaianism	技术盖亚主义	由专用 AGI 运行、以稳定性、生物多样性和长期健康优化地球生态的全球管理系统。
terraforming	地球化工程	把行星的大气、温度与生态改造为类地环境的假想过程。
thought_control_interfaces_direct_neural_command	意念控制接口（直接神经指令）	允许以意念直接控制复杂外部系统与设备的高级脑机接口。
tissue_targeted_editor_delivery	组织靶向编辑器递送	以可控剂量与时长把 CRISPR 编辑器送达特定器官、细胞类型或病变组织的递送系统。
transhumanist_philosophy	超人类主义	主张通过先进技术的开发与运用增强人类境况的哲学思想运动。
universal_basic_income_ubi_research	全民基本收入研究	面向自动化冲击劳动力市场、围绕无条件收入体系的大规模经济、行为与政策研究。
utility_fog_programmable_matter	效用雾 / 可编程物质	能复制物理结构或改变形状的微型机器人（纳米机器人）假想集合。
verifiable_ai_reasoning_systems	可验证 AI 推理系统	在行动前把生成的推理或计划与外部核查、证明、测试、仿真或审计配对的 AI 系统。
verified_safe_robot_learning	经验证的机器人安全学习	以形式化检查、仿真、运行时监视器和安全案例约束、先验证再作用于物理世界的机器人学习系统。
vertical_farming_megafarms	垂直农场巨型化	面向食品、作物、制种、水循环、机器人与韧性城市农业的大型受控环境农场体系。
virtual_afterlife_simulations_digital_legacies	虚拟来世仿真与数字遗产	基于上传意识或全面数据、为逝者创建仿真环境或交互式数字呈现。
von_neumann_probes	冯·诺依曼探测器	以自我复制方式探索星系、沿途以原材料制造自身副本的航天器。
weather_control_regional	区域天气控制	在区域尺度影响或控制天气模式的技术。
weather_weaponization	天气武器化	为战略优势恶意利用区域天气控制技术制造干旱、风暴等环境灾害。
whole_earth_supply_chain_simulation	全球供应链仿真	覆盖全球生产系统的材料、能源、物流、金融、风险与政策实时模型。
wireless_power_transmission_long_range	无线输电（远程）	不依赖线缆、经微波或激光等在显著距离上高效传输电能。
zero_point_energy_research_vacuum_energy	零点能研究（真空能量）	探索从量子真空提取可用能量——高度推测但可能具有变革性的领域。
