municipal_water_treatment	城市水处理	以集中过滤、水库和配水管道为密集城市供给更安全饮用水，后来的加氯消毒由更专门的工艺节点承担。
nationalism_modern	法国大革命民族主义	以人民主权、爱国团结和民族应由自己的国家来代表的主张表达的大众政治民族主义，锚定于法国大革命。
nitroglycerin_synthesis	硝化甘油合成	以甘油、硝酸和硫酸制备威力巨大但不稳定的液态炸药硝化甘油的化学过程。
occupational_accident_insurance	工伤事故保险	面向工作场所伤残、死亡以及保费、申报和安全激励的保险与赔付体系。
oil_drilling	石油钻井	以机械动力钻机（常由蒸汽机驱动）从地下油藏开采石油。
open_hearth_furnace	平炉	可大批量生产优质钢、且对成分控制更佳的炼钢工艺，最终取代贝塞麦法。
organic_chemistry	有机化学	碳化合物的研究与合成，使许多现代药物和染料的系统设计与生产成为可能。
ozone_water_treatment	臭氧水处理	用臭氧气体对水消毒并氧化，灭活病原体并降解异味、臭味或微污染物。
patent_model_collections	专利模型收藏	专利局保存的送审发明模型、图纸与记录，用于审查、修复、公开展示及后来的博物馆策展。
patent_specification_drawings	专利说明书附图	随专利说明书提交的图纸、草稿和模型参照，使发明得以区分、重现、审查，并可日后从公开档案查验。
petroleum_refining_fractional_distillation	石油炼制	用分馏把原油分离为煤油、汽油和润滑油等商业有用的馏分。
phonograph	留声机	以带调制纹道的旋转滚筒或圆片机械录音并放音的装置。
photographic_halftone_printing	照相网目版印刷	加网照相复制技术，使图像得以实际用于报纸、目录册和杂志。
photography	摄影	通过在感光材料上记录光线获取耐久影像、留下永久视觉记录的技艺与科学。
piezoelectric_effect	压电效应	某些晶体中机械应力与电荷之间的相互转换，由雅克与皮埃尔·居里发现，后用于传感器、谐振器和超声换能器。
plastics	早期塑料	早期塑料材料，始于半合成的帕克辛，后有电木等全合成聚合物。
pneumatic_tire_mass_production	商用充气轮胎生产	继约翰·博伊德·邓禄普的实用充气轮胎及其贝尔法斯特制造公司（后成邓禄普）之后的自行车充气橡胶轮胎商业化生产。
pneumatic_tools_compressed_air_power	压缩空气动力与气动工具	面向工业机械与运输的压缩空气动力系统，锚定于蒙塞尼隧道的空压机、压力管道和气动凿岩机，后应用于制动、鱼雷、风镐和铆钉枪。
portable_electrochemical_batteries	便携式电化学电池	为仪器、通信设备、医疗器件和消费电子提供独立电源的便携电芯与电池组。
portland_cement	波特兰水泥	约瑟夫·阿斯普丁1824年专利的水硬性水泥，由石灰石与黏土混合物煅烧研磨而成，用作砂浆和混凝土的黏结剂。
postal_money_orders	邮政汇票	邮局出售的预付支付凭证，使远距离汇款和小额支付无需邮寄现金且更安全。
powder_metallurgy	粉末冶金	通过制粉、压制或成形并在低于全熔温度下烧结来制造金属制品的工业粉末加工方法。
power_transformers	电力变压器	为高效输电、配电和隔离而对交流电压升压或降压的电磁装置。
powered_flight_wright_flyer	有动力受控飞行	第一架成功的重于空气飞行器的发明：以机翼产生升力、以有动力螺旋桨提供推力并具备操纵机构。
precision_machine_tools	精密机床	车床、镗床、刨床、铣床、量规及相关工具，使精确可重复的工业零件制造成为现实。
process_control_instrumentation	过程控制仪表	用于稳定化工、电力和制造过程的仪表、阀门、控制器、记录仪和反馈实践。
psychoanalysis_freudian_theory	精神分析（弗洛伊德理论）	聚焦无意识、谈话治疗与早期发展经验的一系列心理学理论与治疗技术。
psychology	心理学	对心理与行为的广泛科学研究，涵盖多个子领域，超越了纯哲学或生理学探究。
psychology_experimental	实验心理学	以实验方法研究心理与行为，使心理学成为科学学科，以冯特等实验室为开创。
public_art_museums	公共美术馆	收藏、保护、分类并展出绘画、雕塑、装饰艺术、考古与文化遗产的公共机构。
public_education_systems	公共教育体系	由国家兴办、面向大众的义务正规学校教育，旨在培养识字劳动力并灌输国家价值观。
public_health_laboratories	政府公共卫生实验室	承担流行病诊断研究、消毒剂研究和水质微生物检测的公共细菌学实验室。
public_health_statistics	公共卫生统计	收集与分析死亡、疾病、住房、卫生和职业数据，为卫生政策提供依据。
public_sanitation_modern	现代公共卫生	面向清洁饮水、排水、污水处理和废弃物控制的现代公共卫生制度与城市工程，后经细菌说得到强化。
radio_telegraphy_wireless_communication	无线电报（无线通信）	利用无线电波传送电报信号，无需实体线缆即可远距离无线通信。
radioactivity_discovery	放射性	铀、镭等元素会自发以射线或粒子形式释放能量的发现，冲击了原子不可分的观念。
radiology_departments	放射科	医院和诊所中专司X光成像、屏蔽、判读、记录与诊断流程的科室。
railroads	铁路	采用导向轨道和列车的铁路运输系统，自19世纪20年代起公共蒸汽铁路使货运客运规模化。
railway_air_brakes	铁路空气制动	提升列车安全性、速度、编组长度的压缩空气制动系统。
railway_dining_cars	专用铁路餐车	专司旅途中餐食制备、桌边服务和用餐的客运车厢。
railway_refrigerator_cars	保温铁路冷藏车厢	具有隔热双层车厢壁并可在更长行程中低温保存易腐货物、减少补冰频次的铁路车辆。
railway_signal_interlocking	铁路信号联锁	防止繁忙铁路网上道岔与信号冲突的机械与电气系统。
rapid_sand_filtration	快滤池	结合混凝、沉淀和反冲洗的高速颗粒过滤工艺，用于大型市政水厂。
recorded_music_industry	录灌音乐产业	音乐与语音表演的商业录音、复制、目录、版权管理、发行和播放。
refrigeration	机械制冷	以蒸汽压缩循环为食品保存和工业过程提供人工制冷，使冷藏运输与储存成为可能。
reinforced_concrete	钢筋混凝土	以内嵌钢筋增强的混凝土，使复合材料同时承受压应力与拉应力。
reinforced_concrete_bridges	钢筋混凝土桥梁	采用钢筋混凝土梁、板或拱的桥梁结构，把混凝土抗压能力与内嵌钢筋结合。
reinforced_concrete_structures	钢筋混凝土结构	以整体化钢筋混凝土梁、板、柱和箍筋作为结构体系的建筑与土木结构。
rifling_firearms	机器制造线膛枪械	以专门精密机械进行线膛枪械的工业生产，锚定于约翰·霍尔1819年美国合同与哈珀斯渡口步枪厂。
riveting_technology	铆接技术	用加热的金属紧固件（铆钉）连接金属板的方法，对锅炉、桥梁、摩天大楼和钢船建造至关重要。
sanitary_building_codes	卫生建筑法规	管理下水道、结构卫生、空间、通风、排水、厕所、污水坑、检查及不宜居住建筑的城市建筑细则。
sanitary_sewer_networks	污水管网	把生活污水从建筑中输送至排放口或处理厂、与雨水分开的专用下水管道网络。
scientific_management	科学管理	泰勒编纂的时间研究、标准化作业、流程分析和管理方法体系，用以提升工业生产率。
scientific_management_taylorism	科学管理（泰勒制）	将工程原则应用于工厂作业，通过时间-动作研究和工序优化提升效率与劳动生产率。
scientific_management_time_studies	科学管理时间研究	用秒表测量与流程分析重新设计工厂作业和劳动配置。
scientific_peer_review_practices	皇家学会委员会评审	1753年皇家学会接管《哲学汇刊》后，其论文委员会投票决定是否发表并可将论文交专家审查，创立了学会首个法定同行评议条款。
semiconductors	半导体	电导可在导体与绝缘体之间调节的半导体矿物与制备材料，包括早期的整流特性。
septic_tank_systems	化粪池系统	就地沉淀固体并将澄清出水排入土壤吸附场的分散式污水处理系统。
sewing_machine	缝纫机	用线缝合织物和其他材料的机器，大幅提升服装与纺织生产的速度和效率。
sewing_machine_factories	缝纫机工厂	大规模生产的缝纫机及其零件网络，改变了服装、软装和制鞋业。
silver_nitrate_chemistry	银盐光化学	对感光硝酸银和卤化银盐在物影成像及后来银盐摄影工艺中的实验运用与化学理解。
skyscrapers_steel_frame	钢构架摩天大楼	以内部铁钢骨架取代承重外墙的高层建筑建造方式，以芝加哥家庭保险大楼为代表。
slow_sand_filtration	慢滤池	具有生物活性的砂床过滤方法，可去除市政饮用水的浊度与病原体。
smokeless_powder	无烟火药	击发时几乎不产生烟的枪械发射药，大幅改善战场能见度和枪械性能。
socialism_early_theories	社会主义（早期理论）	作为对工业资本主义的回应而发展的政治经济理论，主张生产资料的社会所有与民主控制。
sociology_classical_theories_durkheim_weber	古典社会学	作为正式学科的社会学的奠基，形成关于社会事实、社会行动与理性化的主要理论框架（如涂尔干、韦伯）。
sociology_early	社会学（早期）	以系统研究社会与社会模式为名的学科，受十九世纪早期工业化、城市增长和实证主义方法塑造。
stainless_steel	不锈钢	耐腐蚀铬钢合金，锚定于哈里·布雷利1913年在谢菲尔德的不锈钢及此后铬钝化膜防腐的各牌号。
standard_time_zones	标准铁路时区	北美铁路与社区采纳的区域标准时间，取代数十种互不兼容的地方时和铁路时刻。
standardized_screw_threads	标准化螺纹	统一的螺钉螺栓螺纹体系，使机械互换、维修、量规和大规模生产成为可能。
statistics_advanced_data_analysis	统计学（高级数据分析）	用于分析与解读大型数据集的统计方法的发展，包括概率论、回归和相关。
steam_engine	蒸汽机	以蒸汽为工质做机械功的热机，始于实用的大气压抽水机，后经旋转式蒸汽机改进。
steam_fire_engines	蒸汽消防车	以蒸汽驱动的消防泵装置，经水带供水扑救建筑火灾。
steam_shovel_excavators	蒸汽挖掘机	面向运河、矿山、铁路、地基、采石场和大型公共工程的蒸汽动力土方机械。
steam_turbine_power_generation	汽轮机发电	以蒸汽高效产生旋转运动的涡轮机，主要用于电厂电力生产。
steamship_refrigerated_cargo	蒸汽船冷藏货运	为肉类、水果、乳品和鱼类全球运输配备的保温货舱与机械冷却。
steel_production	钢生产	受控的铁碳钢生产，锚定于亨茨曼1740年代在谢菲尔德的坩埚/铸钢工艺；后来贝塞麦法与平炉法代表各自的大规模炼钢步骤。
steel_ships	钢船	以钢质船体建造船舶，造就更大、更强、更耐久并可由高效蒸汽机驱动的船只。
sterile_injectable_drugs	无菌注射剂	需要灭菌、专用容器和受控临床给药的无菌制备密封注射药物。
stock_exchange_modern	现代证券交易所	依托电报通信、大规模交易公司股票债券的有组织受监管金融市场。
stock_ticker_systems	股票行情电报机	通过电报联机、近实时分发证券价格的机器，加速了现代金融市场。
stormwater_drainage_systems	雨水排放系统	为收集径流、减少街道内涝设计的城市雨水沟、涵洞、滞洪池和渠道。
submarines_early_military_naval	军用潜艇	面向海战的潜航器发展，水面以柴油机或汽油机推进、水下以电动机航行。
superconductors_early	早期超导体	卡末林·昂内斯1911年的实验发现：纯汞在液氦温度下电阻几乎归零，确立首个被观察到的超导态。
suspension_bridges	钢缆悬索桥	以纺制钢缆、桥塔和锚碇建造大跨桥梁，使宽阔江河与海湾的跨越成为可能。
synthetic_ammonia_research	合成氨研究	确立由氮和氢合成氨并为其工业化放大做好准备的高压化学与工程研究。
synthetic_dyes	合成染料	以化学来源制造人工色素，革新了纺织工业并开启有机化学工业。
synthetic_rubber_polymer_chemistry	合成橡胶	通过单体聚合制造人工弹性体以替代或补充天然橡胶，始于早期合成橡胶及后来的工业橡胶家族。
tablet_pressing	压片工艺	把粉末机械压制成标准化口服剂型，实现可重复给药与大规模分发。
technical_patent_examination	专业化专利审查	授权前由专业审查员对专利申请的审查，评估新颖性、实用性、说明书、附图、模型、在先出版物和抵触申请。
telegraph	电报	以通断电信号序列远距离传送文字信息，使用摩尔斯电码等编码脉冲。
telegraph_cables_transoceanic	越洋电报电缆	铺设跨洋海底通信电缆，以古塔胶等材料绝缘，实现洲际电报通信。
telegraph_news_tickers	电报新闻编辑室	通过电报网络接收并转发新闻、股市行情和天气信息的订阅制新闻编辑室。
telephone	电话	使用户相距过远、无法直接听到对方声音时仍能通话的电信设备。
telephone_directory_services	电话查号服务	面向电话网络的号码簿、话务员协助、商户名录、更新与印刷参考体系。
telephone_exchange	电话交换局	互连电话用户线路、使任意用户可呼叫任意他方的系统，超越简单的点对点连接。
telephone_switchboards	电话交换台	把电话用户接入可扩展语音网络的手动与机电交换中心。
theory_of_evolution_darwin	进化论（达尔文）	以自然选择作用于可遗传变异并历经地质时间来解释生物多样性的科学理论。
thermodynamics	热力学	物理学分支，研究热、功、温度及其与能量、辐射和物质物理性质的关系。
torpedoes_self_propelled_naval_weapon	自航鱼雷	攻击舰船的水下自航爆炸装置，最初由压缩空气推进，后用热机。
traffic_signal_systems	交通信号系统	面向道路交叉口的早期市政电动停行信号，运用灯具、电路、警力控制和应急联动。
transoceanic_news_agencies	跨洋通讯社	面向报纸、海底电缆、金融和政府收集、标准化并出售快讯的通讯社组织。
typewriter	打字机	使清晰文本、商业信函、办公事务、表单和文件生产标准化的机械书写机器。
typewritten_office_workflows	打字办公流程	围绕商用打字机形成的标准打印信函、复写副本、表单、归档流程、文员劳动、办公布局与办公管理。
ultraviolet_water_disinfection	紫外线水消毒	用紫外光反应器灭活微生物、不添加化学残留的消毒工艺。
urban_electric_subways	电动地铁系统	结合隧道、信号、车站和牵引供电的电气化地下快速交通。
urban_mass_transit_networks	城市公共交通网络	协同运营的有轨电车、轻轨、铁路、时刻表、票价、停车场与车站体系，服务大城市人口出行。
urban_sanitary_surveys	城市卫生调查	以结构化检查和疾病数据调查记录住房、排水、下水道、垃圾、拥挤等城市状况，为公共卫生行动提供依据。
urban_water_chlorination	城市水加氯消毒	对市政用水的化学消毒，降低密集城市的水源性疾病。
vaccination	疫苗接种	基于减毒或灭活病原体制备并施用疫苗，激发特异性免疫应答以预防传染病。
vaccination_campaigns	疫苗接种运动	运用记录、公共卫生人员、冷藏和国家或民间协同的有组织大众接种计划。
vacuum_technology_early	真空技术（早期）	改进真空泵并形成创建与维持真空的技术，对灯泡及后来的电子器件至关重要。
vulcanized_rubber	硫化橡胶	将天然橡胶与硫一同加热，转化为更耐久、有弹性且耐候材料的化学工艺。
warehouse_management_systems_early	早期仓储管理	以仓单、磅码单、客户账目、每日库存记录、等级标准和铁路联运粮仓在工业规模上管理存储商品的手工库存控制。
water_quality_testing	水质检测	测量水的微生物、化学与物理指标的实验室与现场方法，为处理和监管提供依据。
water_towers_pressure_distribution	水塔与压力配水	稳定市政供水和消防供水的高位储水箱与压力管理干管。
x_rays_discovery	X射线	发现可穿透许多不透光材料的高能电磁辐射，随即应用于医学。
