advanced_metallurgy_medieval	高等冶金（中世纪）	早期与盛期中世纪的钢铁冶金：块炼铁固结、渗碳、锻焊钢、热处理，以及后来的高炉/精炼实践，造就更坚固的工具、武器和护甲。
agriculture_advances_medieval	中世纪农业进步	一系列农耕改进的组合：更重的犁、更好的挽具、扩大的磨坊和轮作制，提高了产量与盈余。
alchemy	炼金术	前现代的实验性实用传统，涉及嬗变、材料加工和原型化学实践，其根源可溯至希腊化时代的实验室。
apothecary_shops	药房	专门零售兼专业服务店铺，从事药品与药材的制备、销售和咨询。
apprenticeship_systems	学徒制	结构化的训练契约，传承手艺知识、规范劳动力准入并维系行会标准。
armored_cavalry_stirrups	具装骑兵马镫	改进的踏脚与鞍具配件，服务于骑乘作战、运输和冲击战术。
arquebus	火绳钩枪	十五世纪中叶发展出的早期肩射滑膛火绳枪，带钩状支架。
astrolabe_quadrant	星盘与象限仪	精密的导航与天文仪器，用于测量天体高度以确定纬度和时间。
banking_early_forms	商人存款银行	商人存款店铺保管钱币或货物并开出可转让收据，架起了从储值到存款凭证的机构桥梁。
basic_chemistry	基础化学	超越纯粹炼金术的系统性物质实验，涉及酸、碱、蒸馏与提纯过程。
bell_foundry_workshops	铸钟作坊	面向教堂钟、城镇警钟、钟楼钟和市政信号的专门铸造工场。
bills_of_exchange_clearing	汇票清算	使商人无需搬运大量钱币即可跨城清偿债务的金融票据与清算实践。
bills_of_exchange_early_finance	汇票与早期金融	无需实体搬运货币即可转移资金的金融工具：向特定人支付一定金额的书面指令，便利了远距离贸易。
blast_furnace	高炉	以持续热风鼓风（常由水力风箱驱动）大批量生产优质铸铁的高大炉体。
book_binding_codex_production	书籍装帧（册子本制作）	把羊皮、犊皮或后来的纸页组装装订于封面之间的技术，制成耐久册子本，在多数书籍用途上取代卷轴。
bookbinding_workshops	装订作坊	为手抄本和印刷书进行缝订、包面、加扣、修复与装饰的手工业作坊。
bridge_chapels_tolls	桥上礼拜堂与过桥费	通过通行费、捐赠和法律特权为桥梁修建与养护筹资的宗教与市政制度。
bridge_toll_booths	桥税与修桥捐	以通行费特许、收费点、养护账目和交通管理支撑的受控桥梁通行。
canal_lock_gates	运河船闸闸门	帮助船只在不同运河或河流水位间升降的水控闸门与闸室。
cannons	火炮	早期火药炮械，包括用于攻城与野战的臼炮及其他类火炮。
castle_garrison_logistics	城堡驻军后勤	设防城堡的运营支撑：由城守统领的驻军、粮秣军械储备、水源、警戒勤务、地方供给聚落和围城持久安排。
castle_signal_beacons	规范化中世纪烽燧网络	以白昼烟、夜间火的规范化烽火链与瞭望网络，警示敌情并动员地方防御。
chainmail_armor_smithing	锁子甲锻造	以互锁铆接铁环制成柔性甲胄，对砍杀与刺击武器防护良好。
charitable_hospital_networks	慈善医院网络	为旅人、穷人和病者提供收容、护理、隔离和有组织照护的宗教与市政机构。
charterparty_shipping_contracts	租船运输契约	船东将船舶或舱位租予承租人的书面租船或货运合同，界定运费、航程条款、风险与争议管辖。
chivalry	骑士精神	骑士阶层的理想化行为准则，融合武艺、基督教价值观与宫廷礼仪，塑造了中世纪文学与贵族文化。
civic_record_offices	市政档案室	保存特许状、税册、地契、判决、行会记录和公共工程账目的城市档案机构。
compass	罗盘	盒内干式轴针配刻度盘的磁针罗盘，可可靠判定方向，彻底改变海船导航。
concentric_castles	同心城堡	以多重同心防御墙环环相扣的先进城堡设计，形成层次纵深、射界交叉的坚固防御。
craft_quality_marks	手工业质量印记	用于证明制作者责任、法定成色、产地或工艺质量的行会监督印记、纯度 hallmark 与检查制度。
craft_guild_apprenticeship_contracts	行会学徒契约	界定技艺传授、劳动义务、费用与师傅责任的正式训练协议。
crop_landrace_selection	作物地方品种选育	农民基于土壤、气候、管理系统、食味偏好、加工与储存需求对地方适应型作物群体的选择。
crop_rotation_three_field	轮作（三圃制）	把土地分为三区轮换种植（如小麦、豆类、休耕）的农业实践，使土壤肥力改善，产量比二圃制提高三分之一。
crossbow	弩	以机械力发射弩箭的强力弓械，训练门槛低于长弓，可穿透当时大多数护甲。
distillation_advanced	中世纪蒸馏瓶蒸馏	阿拉伯与波斯炼金、香水和医药传统中对蒸馏瓶蒸馏的改进，以受控加热、蒸气冷凝和反复蒸馏纯化玫瑰水、香水、药剂等液体。
distillation_for_alcoholic_spirits	烈酒蒸馏	把蒸馏应用于发酵酒液，生产生命之水、白兰地等浓缩烈酒。
double_entry_diffusion	复式簿记传播	借贷记账法经商号、银行、手册和商业教育的扩散。
dry_compass_navigation	干式罗盘导航	适合颠簸海况下船载导航的支座式磁针与刻度盘。
early_medicine	早期医学	以古典文本（体液学说）、草药疗法和有限外科实践为基础的医疗，多在修道院和民间医者中施行。
engineering	中世纪工程	面向城堡、大教堂、磨坊、桥梁、水工和攻城器械的中世纪应用设计与建造实践，融合手艺知识与数学、几何、力学、起重装置、金属和水力学。
feudalism	封建制度	以领主与封臣之间的土地保有权（采邑）、忠诚和兵役为基础的社会经济政治制度。
fine_arts_medieval	罗马式与哥特式美术	西方中世纪罗马式与哥特式绘画、雕塑、壁画、彩窗、金工和手抄本彩饰，围绕教堂、修道院及后来的城市大教堂作坊产生。
fortified_town_planning	设防城镇规划	由城墙、城门、塔楼、市场、水源、街道管制和防御分区塑造的城市布局。
fortified_water_gates	设防水门	管制船只、防洪、收税并保障城市安全的设防河港门户。
fortress_water_cisterns	要塞蓄水池	为围城下的城堡和设防城镇提供保护的井、水池、排水与屋面集水系统。
fulling_mills	漂洗磨坊	把水力锻锤应用于漂洗（清洗并增厚呢绒），是中世纪纺织业的关键机械化。
gothic_architecture	哥特式建筑	以尖拱、肋架拱顶和飞扶壁为特征的建筑风格，造就更高更轻、窗面开阔的结构。
guild_apprentice_contracts	行会学徒契约	界定训练年限、费用、操守、工具、住宿及权利义务的书面协议。
guild_certification_seals	行会认证印记	证明训练、会籍、产地、质量及受管商品销售权的官方印记与证书。
guild_halls_trade_centers	行会会所与商贸中心	为行会活动专门兴建（往往华美）的建筑群，充当商业、行业管制与城市自豪感的中心。
guilds	行会	围绕共同经济、法律、互助或宗教目标结成的商人、工匠或其他平信徒组织；正式的工匠行会与商人行会规范贸易、质量、劳动与学徒制。
gunpowder	宋代火药方	以硝石、硫磺和木炭配比成文的黑火药配方，用于宋代军用燃烧弹、火炮弹和火箭。
heavy_cavalry	重骑兵	配备板甲、骑枪和披甲战马的骑士，构成中世纪战争的主导冲击力量。
heavy_plow_mouldboard	重犁（翻土板犁）	带翻土板的先进轮式重犁，能翻开欧洲黏重土壤，显著提升农业生产力。
heraldry	纹章学	用于辨识个人、家族与机构的世袭纹章、视觉规范、纹章描述及记录体系，十二世纪兴起于西欧具装精英之中。
horse_collar	马颈圈	让马在不被勒住呼吸的前提下高效牵引重载的衬垫挽具，革新了农业与运输。
horse_shoes	马蹄铁	钉于马蹄的铁掌，防止磨损并提供抓地力，对劳役和军用都至关重要。
hospital_patient_wards	医院病房　	按患者、床位、陪护、膳食、药房、记录与慈善照护分开组织的医院空间。
hospital_pharmacies	医院药房	面向患者护理的药品、糖浆、药膏、馏液、草药和处方集的制度化制备与储存。
hospitals_early	早期医院	专司照护病者、贫者与弱者的机构建制，多具宗教背景并提供收容照护。
illuminated_manuscripts_scribal_art	彩饰手抄本与抄写艺术	在修道院缮写室制作的精美装饰手写书籍，常饰以金箔（彩饰）和细密插图（细密画）。
lateen_sail_caravel	三角帆与卡拉维尔帆船	卡拉维尔等先进船型，结合方帆与三角斜帆，提升机动性、逆风航行与远洋能力。
legal_commentary_glossators	法律注释（注释法学派）	对罗马法文本（《民法大全》）的学术分析与诠释，所加注释（glosses）成为欧洲法律思想的基础。
legal_systems_common_civil	法律体系（普通法/大陆法）	锚定于查士丁尼罗马法编纂的大陆法传统，以及以王室法院、先例和成文诉讼程序为基础的后来英国普通法制度。
lens_grinding_workshops	磨镜作坊	专司镜片研磨、抛光、测量与装配的眼镜制作铺，后来把同一工艺基础延伸到光学仪器。
letters_of_credit	信用证	使商人无需携带大量钱币即可跨城转移购买力的金融工具。
lime_mortar_engineering	石灰砂浆工程	经改进的石灰砂浆制备与应用，服务耐久的砌体、拱顶、要塞、桥梁和城市建筑。
longbow	长弓	通常以紫杉制成的高大型强弓，射速高、射程远，深刻影响中世纪晚期战争。
machicolations	堞口（突堞）	城垛或凸出廊道底板上的开口，守军可向下面的进攻者投掷石块、沸液或其他投射物。
manorialism	庄园制	盛期中世纪西欧的领地管理制度：领主、依附佃户、习惯义务、农业、地租和地方司法围绕庄园及其法庭组织。
manuscript_music_workshops	手抄乐谱作坊	从事记谱圣咏、复调、理论与演出书籍的复制、教学、保存与流通。
marine_compass_routes	罗盘航线　	以罗盘方位、波托兰海图、季风和积累的引航知识规划的常态化远洋航线。
maritime_pilot_books	航海引航书	记录港口、方位、洋流、危险、地标、水深、风向和季节航线的书面航行指南。
market_price_bulletins	商人行情报告	由信使传递、报告交易中心之间汇率与市况的商人通信，锚定于锡耶纳人在香槟集市的数据。
market_town_charters	市镇特许状	授权集市、通行税、法庭、城墙和受管贸易特权的法律特许。
mechanical_bell_striking	机械报时钟	与钟表联动的敲击机构，向城镇、修道院、集市和作坊播报时间信号。
mechanical_clock_dials	公共机械钟面	与重锤驱动公共机构耦合的钟面，使城镇既能读到机械调节的时间，也能听到鸣响。
mechanical_clock_towers	机械钟楼	安装于塔楼之上的公共机械钟，用于协调祈祷、集市、劳动、市政仪式和城市时间纪律。
mechanical_clock_workday_regulation	公共钟表工时管理	利用公共时钟和劳动钟执行守时，协调市政会议、劳动时间、集市与城市管理。
mechanical_clocks	机械钟	凭借擒纵机构（机轴-摆杆）与齿轮系变得实用的重锤驱动计时装置，最初用于中世纪晚期欧洲公共时钟。
merchant_arbitration_boards	商人仲裁庭	处理合同、质量、债务、保险、航运与公平规则的商事争议机构。
merchant_banking_houses	商人银行行号	兼营贸易、存款、信贷、汇兑、会计和政治金融的家族与合伙商号。
merchant_convoy_systems	威尼斯穆达商船护航队	由威尼斯共和国组织航路、启航日期和船只租赁的国家排期武装商帆船护航队。
merchant_courier_networks	商人信使网络	连接商号、银行、集市、法庭、港口和公证处的私人信使体系。
merchant_courts	商人法庭	适用商业习惯、合同、票据、航运索赔和市场规则的专门商事法庭。
merchant_risk_pooling	海上借贷与康孟达风险分担	在投资人、行商和保险人间分配资本、利润、亏损与海上贸易风险的海上借贷、康孟达及早期保险式契约。
monastic_infirmaries	修道院病房	结合药草园、护理常规、记录与慈善照护的宗教医疗病区。
monastic_scriptoria	修道院缮写室	有组织的手抄复制作坊，保存、制作、校订、装饰并流通宗教与学术文本。
monasticism_and_scriptoria	修道制度与缮写室	宗教共同体（修道院）的建立，通过专门书写间（缮写室）的手稿复制成为学术、农业和知识保存的中心。
movable_metal_type_casting	活字金属字铸造	以字冲、字模、铸型和合金铸造可复用金属活字，获得可重复的字形用于印刷。
municipal_charters	城市特许状	界定城镇特权、市场、税收、行会权利、自治及对领定义务的法律特许。
municipal_debt_bonds	市政公债	城镇与邦国为修墙、战争、水工、道路、港口和市政建筑发行的公共债务工具。
municipal_fire_watch	城市防火瞭望	中世纪市政当局用以减少城市火灾的分区瞭望、宵禁与夜巡、防火规则、消防器材储备和罚则。
municipal_water_supply	城市供水	为城市共享用水提供的井、输水道、喷泉、水夫及维护规则。
musical_notation_polyphony	记谱法与复调	记写音乐的体系（线谱记谱法）的发展与多声部独立旋律的复调音乐的兴起，改变了西方音乐。
nailed_horseshoes	钉掌马蹄铁	钉牢于蹄上的铁掌，保护役畜在道路、田野、战场和长途商路上作业。
notarial_records	中世纪公证登记簿	由受训公证员编制、保全商事协议、产权转让、债务、遗嘱和市民法律行为的认证登记簿与簿册。
oil_based_inks	油性油墨	以干性油（如亚麻籽油）为黏结剂的油墨，形成适合金属活字纸张印刷的耐久黏稠介质。
optical_workshops	光学作坊	为学者与工匠磨制镜片并装配眼镜、放大镜和光学仪器的手工业作坊。
paper_making	造纸	以亚麻碎布纸浆生产纸张——比羊皮纸更廉价多能的书写材料——并从伊斯兰世界传入欧洲。
paper_mills	造纸作坊	以水力作动、作坊规模运作的设施，打浆成纸并扩大廉价书写材料的供应。
paper_money	纸币	国家背书的纸面货币与本票，减少了大宗商业网络中搬运笨重金属钱币的需要。
parliaments_estates_general	议会与三级会议	中世纪欧洲代议会议的兴起：统治者在立法、征税和治理上征询教士、贵族及选举产生的城市或领地代表。
pilgrim_badge_casting	朝圣徽章铸造	面向朝圣经济与身份认同的小型铸造虔敬徽章、信物和纪念品的大批量生产。
pilgrimage_route_services	朝圣路线服务	支持长途朝圣者的医院与济贫院、桥梁、路标、圣龛与圣物停留点、食宿、徽章及地方服务。
plague_pesthouses	拉扎雷托韦基奥瘟疫医院	威尼斯设立于岛上的永久性医院，隔离并照护瘟疫感染者，把治疗与后来的旅客货物检疫分开。
plate_armor	板甲	以先进金属加工和板材成形技术制成的整套装甲钢板，对多种武器防护卓越。
port_crane_harbor_works	港口起重机与港务工程	用于装卸船舶、支撑中世纪港口贸易的码头起重机、码头工程和起重闸门设施。
portolan_charts_maritime_navigation	波托兰海图与航海导航	带罗盘方位线网格的高精度航海图，与罗盘配合实现精确海上导航，尤用于地中海。
printing_press_movable_type	印刷机（活字印刷）	以活字金属字、螺旋压机和油性油墨大批量复制文本的机器，是标志中世纪终结的关键发明。
pumps	机械泵	以活塞、螺杆、转轮或往复机构从井、矿、田地和工程中提水输水的装置。
putting_out_textile_system	包买商纺织体系	分散于家庭的纺纱、织造、整理，以及商人的协调、质检与支付记录。
quarantine_lazarettos	拉扎雷托诺沃检疫站	威尼斯的预防性海岛检疫站，对可能受染的航海旅客与货物先行扣留、查验、存放和消毒，再进入威尼斯。
quarantine_public_health_measures	检疫与公共卫生措施	控制疾病传播的隔离实践与早期公共卫生干预，以瘟疫期间对船舶的40天隔离（quarantena）最为著名。
saw_mill	锯木厂	以水力或畜力驱动的锯切设备，提高了标准板材、梁材和结构木材的供应。
sawmill_lumber_networks	锯木木材网络	水力锯木厂、伐木权、原木运输、标准板材和建筑供应链。
scholastic_indexing_systems	经院索引体系	面向大型文本的字母与主题索引、经文汇编、页码体系和检索工具。
scholasticism	经院哲学	主导中世纪大学教学的批判性思维方法，强调以辩证推理化解权威文本之间的矛盾。
serfdom	农奴制	中世纪欧洲不自由农民被束缚于领主庄园的法律经济地位，须缴纳地租或服劳役，离开须经许可。
ship_compass_binnacles	罗经柜	受保护的船载罗盘罩座，提高了恶劣天气下导航的可靠性。
ship_rudders_sternpost	尾柱舵	安装于中线的船舵，改善较大型帆船在河流、海岸和开阔水域的操纵控制。
spectacles_eyeglasses	眼镜	装于镜架中的凸透镜，矫正老花（远视），显著延长了学者、抄工和匠人的工作年限。
spinning_wheel	纺车	使纺纱成线/纱过程机械化的装置，较纺坠大幅提高纺织生产率。
stained_glass_window_artistry	彩绘玻璃窗工艺	以彩色玻璃制作装饰窗（尤其用于大教堂和教堂）的技艺，用以呈现宗教叙事。
stirrups	马镫	固定骑手双脚的装置，为持枪剑的骑乘作战提供更稳固的战斗平台。
