scientific_journals	科学期刊	定期发表观察、实验、书信和争鸣，使科学主张更易流通与审视。
scientific_method	科学方法	基于观察、测量、实验、数学推理以及对解释的检验与修正的系统探究路径。
scientific_societies	科学学会	致力于通过共享观察与实验探究自然的组织化团体，以波尔塔的“自然秘密学院”为锚点，后有林琴学会与皇家学会传统。
sfumato_chiaroscuro_techniques	列奥纳多晕涂法与明暗对照法	列奥纳多时代的绘画技法：以烟雾般的明暗过渡和色调对比塑造立体形象。
slide_rule	计算尺	利用对数刻度的模拟计算工具，可快速进行乘除、乘方和工程估算。
sovereignty_theory_bodin	主权理论（博丹）	让·博丹阐发的政治概念：国家在其领土内拥有绝对且永久的力量。该理论为现代中央集权民族国家提供了哲学基础。
standardized_typefounding	标准化铸字	可复用字模、刻字冲标准与铸造作坊规范，保障印刷产出的稳定性。
star_fort_trace_italienne	棱堡（意大利式要塞）	火炮使高大砖石墙体变得脆弱之后发展出的低矮棱堡炮台要塞，以斜角棱线减少死角并支持侧射火力。
statistical_life_tables	统计生命表	以表格呈现的死亡与存活规律，用于年金、保险、公共卫生和人口分析。
stock_exchange_early	早期证券交易所	可转让公司股份的有组织证券市场，以1602年起阿姆斯特丹对荷兰东印度公司股票的交易为锚点。
surgical_advances_pare	外科进步（帕雷）	安布卢瓦兹·帕雷的外科创新：以结扎血管取代粗暴的烧灼止血、改进伤口治疗并设计先进义肢。
surveying_cadastral_states	国家地籍测量	把实测地块、土地权属、税收和行政改革联系起来的国家地籍测绘计划。
surveying_theodolite_early_precision	经纬仪（早期精密）	早期近代精密经纬仪：结合瞄准望远镜、整平安平经纬座、刻度盘和游标读数，测量水平与竖直角度。
technical_drawing_standards	技术制图规范	面向机械装置与建筑的早期近代技术图示规范：雕版图版、剖视图、多视点、部件标注和文字说明。
telescope	望远镜	以镜筒组合透镜使远处物体看起来更近的折射光学仪器，1608年记录于荷兰共和国，1609-1610年迅速被改造用于天文观测。
the_reformation	宗教改革	使西方基督教分裂的重大宗教运动，由马丁·路德和约翰·加尔文等人发起，因神学争端而起、借印刷术传播，挑战了教皇与天主教会的权威。
theater_ticketing_systems	商业剧场售票	伊丽莎白与詹姆斯时代伦敦用于管理大型商业公共剧场观众的分级付费入场与座席分区。
theory_of_contagion_fracastoro	传染学说（弗拉卡斯托罗）	吉罗拉莫·弗拉卡斯托罗的论断：疾病可由微小的、不可见的粒子（“传染种子”）经直接接触、间接接触或远距离传播。细菌理论的先声。
triangular_trade	三角贸易	连接欧洲、非洲和美洲的复杂跨大西洋贸易网络：把制成品运往非洲、把被奴役者运往美洲（中央航路）、把种植园作物运回欧洲。
triangulation_surveying	三角测量	以锚定于已知基线的三角形网络测量远距离并绘制领土地图。
urban_fire_codes	城市防火法规	降低城市灾难性火灾风险的建筑与街道市政规则，此处限定于伦敦大火后的重建立法。
vacuum_pump_experiments	真空泵实验	抽排空气并研究压力、呼吸、燃烧、声音和大气现象的实验装置。
vernacular_literature_prose_poetry	文艺复兴俗语文学	文艺复兴时期俗语散文与诗歌升格为重要文学语言，以但丁的意大利语《神曲》为锚点，经彼特拉克、薄伽丘及后来的欧洲俗语作家延展。
